Url,Domain
ï»¿http://ovbjnq3ysgm5aleyvmtqyivqed37zhzd5bsvishjzu6ruuw7nw67udid.onion,ovbjnq3ysgm5aleyvmtqyivqed37zhzd5bsvishjzu6ruuw7nw67udid.onion
http://z3wqggtxft7id3ibr7srivv5gjof5fwg76slewnzwwakjuf3nlhukdid.onion,z3wqggtxft7id3ibr7srivv5gjof5fwg76slewnzwwakjuf3nlhukdid.onion
http://sarcomawmawlhov7o5mdhz4eszxxlkyaoiyiy2b5iwxnds2dmb4jakad.onion/,sarcomawmawlhov7o5mdhz4eszxxlkyaoiyiy2b5iwxnds2dmb4jakad.onion
http://sarcomabwgzv7ogiulwqfmlul6mjcxy6o3owuld4lqguvevf4kgp3lqd.onion/,sarcomabwgzv7ogiulwqfmlul6mjcxy6o3owuld4lqguvevf4kgp3lqd.onion
http://rhysidafc6lm7qa2mkiukbezh7zuth3i4wof4mh2audkymscjm6yegad.onion,rhysidafc6lm7qa2mkiukbezh7zuth3i4wof4mh2audkymscjm6yegad.onion
http://rhysidafohrhyy2aszi7bm32tnjat5xri65fopcxkdfxhi4tidsg7cad.onion/,rhysidafohrhyy2aszi7bm32tnjat5xri65fopcxkdfxhi4tidsg7cad.onion
http://a.storyblok.com/f/259791/x/91e2f5fa2f/attachments.zip,a.storyblok.com
http://abrahamseed.co.za/db_template.php,abrahamseed.co.za
http://absfinancialplanning.co.za/images/db_template.php,absfinancialplanning.co.za
http://adibf.ae/wp-includes/js/main.php,adibf.ae
http://advanceorthocenter.com/wp-includes/,advanceorthocenter.com
http://advanceorthocenter.com/wp-includes/editor.php,advanceorthocenter.com
http://advanceorthocenter.com/wp-includes/editor.php?ac=1&n=,advanceorthocenter.com
http://advocatetn.com/font-awesome/fonts/db_template.php,advocatetn.com
http://africanpixels.zar.cc/db_template.php,africanpixels.zar.cc
http://agencereferencement.be/wp-admin/db_template.php,agencereferencement.be
http://agencijazemil.com/db_template.php,agencijazemil.com
http://agricolavicuna.cl/db_template.php,agricolavicuna.cl
http://agropecuariavilarica.com.br/db_template.php,agropecuariavilarica.com.br
http://aguasdecastilla.com/uploads/db_template.php,aguasdecastilla.com
http://agylub.com/db_template.php,agylub.com
http://ahc.me.uk/db_template.php,ahc.me.uk
http://ahero-resource-center.org/administrator/db_template.php,ahero-resource-center.org
http://ahmadhasanat.com/db_template.php,ahmadhasanat.com
http://aianalytics.ie/db_template.php,aianalytics.ie
http://aiko.pro/db_template.php,aiko.pro
http://aiofotoevideo.com/db_template.php,aiofotoevideo.com
http://aipa.ca/db_template.php,aipa.ca
http://airesis.blog/wp-admin/db_template.php,airesis.blog
http://airfanhydro.net/db_template.php,airfanhydro.net
http://airminumtiro.com/db_template.php,airminumtiro.com
http://al3abflash.biz/db_template.php,al3abflash.biz
http://alainsaffel.com/db_template.php,alainsaffel.com
http://alanrori.com/db_template.php,alanrori.com
http://alaqaba.com/dnsarabia.com/db_template.php,alaqaba.com
http://alaskamaterials.com/db_template.php,alaskamaterials.com
http://alayhamtechnologies.com/db_template.php,alayhamtechnologies.com
http://albertaedmonton.com/widgetstyles/db_template.php,albertaedmonton.com
http://alcafricandatalab.com/db_template.php,alcafricandatalab.com
http://alcafricanos.com/slsmonographs/db_template.php,alcafricanos.com
http://alcatrazmoon.com/images/db_template.php,alcatrazmoon.com
http://alcfm.net/wp-admin/db_template.php,alcfm.net
http://alchamel.info/db_template.php,alchamel.info
http://alchamelup.org/htdocs/db_template.php,alchamelup.org
http://alchemistasonida.com/db_template.php,alchemistasonida.com
http://alchimiegrafiche.net/bbdelteatro/db_template.php,alchimiegrafiche.net
http://alecattic.com/wp-includes/db_template.php,alecattic.com
http://aleenasgiftbox.com/admin/db_template.php,aleenasgiftbox.com
http://aleksicdunja.com/db_template.php,aleksicdunja.com
http://alemaohost.com/lotosorg.com/db_template.php,alemaohost.com
http://alephit2.biz/kitzz/db_template.php,alephit2.biz
http://alessandroalessandrini.it/db_template.php,alessandroalessandrini.it
http://alessandrofoglino.com/db_template.php,alessandrofoglino.com
http://alexanderbecker.net/services/db_template.php,alexanderbecker.net
http://alexcelts.com/wp/db_template.php,alexcelts.com
http://alexelgy.com/allaccess/db_template.php,alexelgy.com
http://alex-frost.com/assets/db_template.php,alex-frost.com
http://alexrocchi.com/db_template.php,alexrocchi.com
http://alfatek-intelligence.com/db_template.php,alfatek-intelligence.com
http://alfredocifuentes.com/db_template.php,alfredocifuentes.com
http://algarvesup.com/db_template.php,algarvesup.com
http://algihad.com/assets/db_template.php,algihad.com
http://alhidayahfoundation.co.uk/category/db_template.php,alhidayahfoundation.co.uk
http://alisabyfinna.com/db_template.php,alisabyfinna.com
http://alisimple.si/wp-includes/db_template.php,alisimple.si
http://alissanicolai.com/assets/db_template.php,alissanicolai.com
http://aljaadi.com/db_template.php,aljaadi.com
http://alkousy.com/db_template.php,alkousy.com
http://all2wedding.com/wp-includes/db_template.php,all2wedding.com
http://allaboutblockchain.net/db_template.php,allaboutblockchain.net
http://alldomains-crm.com/bubblegumpopcorn.com/wp-admin/db_template.php,alldomains-crm.com
http://allegiancesecurity.org/db_template.php,allegiancesecurity.org
http://allianz.com.pe/wp-admin/db_template.php,allianz.com.pe
http://allisonplumbing.com/wp-includes/db_template.php,allisonplumbing.com
http://all-reseller.com/zzz_backup/db_template.php,all-reseller.com
http://allsporthealthandfitness.com/db_template.php,allsporthealthandfitness.com
http://allthat.social/db_template.php,allthat.social
http://almatours.gr/db_template.php,almatours.gr
http://almeriahotelja.com/dk/db_template.php,almeriahotelja.com
http://alnuzha.org/en/db_template.php,alnuzha.org
http://alorabrownies.com/wp-admin/db_template.php,alorabrownies.com
http://alphabee.fund/PHPMailer_5.2.0/db_template.php,alphabee.fund
http://alphaobring.com/db_template.php,alphaobring.com
http://alphasalesrecruitment.com/db_template.php,alphasalesrecruitment.com
http://alsharhanstore.com/db_template.php,alsharhanstore.com
http://altcoinaddict.com/db_template.php,altcoinaddict.com
http://altosdefontana.com/db_template.php,altosdefontana.com
http://altrablog.com/db_template.php,altrablog.com
http://alwahahweb.com/db_template.php,alwahahweb.com
http://alwake3press.com/wp-includes/db_template.php,alwake3press.com
http://always-beauty.ch/db_template.php,always-beauty.ch
http://alxcorp.com/db_template.php,alxcorp.com
http://am1int.fcomet.com/wp1/db_template.php,am1int.fcomet.com
http://amari.ro/components/db_template.php,amari.ro
http://amatikulutours.com/tmp/db_template.php,amatikulutours.com
http://amazethings.com/db_template.php,amazethings.com
http://amazingashwini.com/db_template.php,amazingashwini.com
http://amazingenergysavings.net/db_template.php,amazingenergysavings.net
http://amazo0n.serveftp.com/Data,amazo0n.serveftp.com
http://amazo0n.serveftp.com/users.php,amazo0n.serveftp.com
http://ambiances-toiles.fr/db_template.php,ambiances-toiles.fr
http://ambulatorioveterinariocalusco.com/img/common/db_template.php,ambulatorioveterinariocalusco.com
http://americabr.com.br/db_template.php,americabr.com.br
http://americanlegacies.org/webthed_ftw/db_template.php,americanlegacies.org
http://americanwestmedia.com/db_template.php,americanwestmedia.com
http://amesoulcoaching.com/db_template.php,amesoulcoaching.com
http://amiehepperlin.com/db_template.php,amiehepperlin.com
http://aminearserver.es/db_template.php,aminearserver.es
http://amirmenahem.com/db_template.php,amirmenahem.com
http://amofoundation.org/wp-includes/db_template.php,amofoundation.org
http://amor-clubhotels.com/db_template.php,amor-clubhotels.com
http://amordegato.es/storefront/db_template.php,amordegato.es
http://ampacindustries.com/css/utf8.php,ampacindustries.com
http://ampli5yd.com/db_template.php,ampli5yd.com
http://ampvita.com/db_template.php,ampvita.com
http://amruthavana.com/blog/db_template.php,amruthavana.com
http://anahera.biz/admin/db_template.php,anahera.biz
http://analternatif.com/includes/db_template.php,analternatif.com
http://analystcnwang.com/db_template.php,analystcnwang.com
http://analyticalfootball.com/db_template.php,analyticalfootball.com
http://anastasovsworkshop.com/wp-includes/db_template.php,anastasovsworkshop.com
http://andrasadam.com/tothildiko/wp-includes/db_template.php,andrasadam.com
http://andrespazsoldan.com/db_template.php,andrespazsoldan.com
http://andrewfinnburhoe.com/db_template.php,andrewfinnburhoe.com
http://andrewsbisom.com/db_template.php,andrewsbisom.com
http://andrew-snyder.net/bootstrap/db_template.php,andrew-snyder.net
http://androidphonetips.com/wp-includes/db_template.php,androidphonetips.com
http://anet-international-group.com/shop/db_template.php,anet-international-group.com
http://angar68.com/db_template.php,angar68.com
http://angel-seeds.com.ua/catalog/db_template.php,angel-seeds.com.ua
http://angelsongroup.com/wp-includes/db_template.php,angelsongroup.com
http://anglero.com/db_template.php,anglero.com
http://angloglot.com/db_template.php,angloglot.com
http://aniljoseph.com/servermon/db_template.php,aniljoseph.com
http://animationpulse.net/db_template.php,animationpulse.net
http://animationshowreel.co.il/db_template.php,animationshowreel.co.il
http://aniroleplay.net/db_template.php,aniroleplay.net
http://annabelle.nl/next/db_template.php,annabelle.nl
http://annaplebanek.com/db_template.php,annaplebanek.com
http://anngrigphoto.com/db_template.php,anngrigphoto.com
http://anotherpartofme.com/wp-includes/db_template.php,anotherpartofme.com
http://anthaigroup.vn/db_template.php,anthaigroup.vn
http://antjetaubert.de/db_template.php,antjetaubert.de
http://antonhirvonen.com/pengalandet.se/wp-includes/db_template.php,antonhirvonen.com
http://antrismode.com/wp-includes/db_template.php,antrismode.com
http://antucomp.com/db_template.php,antucomp.com
http://anubandh.in/db_template.php,anubandh.in
http://anuragcreatives.com/db_template.php,anuragcreatives.com
http://anxiousandunstoppable.com/db_template.php,anxiousandunstoppable.com
http://anyeva.com/wp-includes/db_template.php,anyeva.com
http://anythinglah.info/db_template.php,anythinglah.info
http://apalawyers.pt/db_template.php,apalawyers.pt
http://aperta-armis.org/db_template.php,aperta-armis.org
http://apiiination.com/leadership/db_template.php,apiiination.com
http://apironco.com/wp-includes/db_template.php,apironco.com
http://apobiomedix.ca/db_template.php,apobiomedix.ca
http://apollonweb.com/db_template.php,apollonweb.com
http://apppriori.com/db_template.php,apppriori.com
http://appsvoice.info/db_template.php,appsvoice.info
http://aqarco.com/wp-admin/db_template.php,aqarco.com
http://aquaneeka.co.uk/wp-includes/db_template.php,aquaneeka.co.uk
http://arabellajo.com/wp/wp-includes/db_template.php,arabellajo.com
http://arabsdeals.com/db_template.php,arabsdeals.com
http://arbiogaz.com/upload/work.php?c=,arbiogaz.com
http://arbruisseau.com/profiles/db_template.php,arbruisseau.com
http://architectsinc.net/db_template.php,architectsinc.net
http://arch-tech.net/components/com_layer_slider/Senditem.php?c=,arch-tech.net
http://archwaycarpetscrm.co.uk/db_template.php,archwaycarpetscrm.co.uk
http://arctistrade.de/wp/db_template.php,arctistrade.de
http://arestihome.com/db_template.php,arestihome.com
http://ar-rihla.com/db_template.php,ar-rihla.com
http://asgen.org/db_template.php,asgen.org
http://azmwn.suliparwarda.com/wpcontent/plugins/wpdatatables/panda.php?c=,azmwn.suliparwarda.com
http://azmwn.suliparwarda.com/wpcontent/themes/twentyfifteen/logs.php?c=,azmwn.suliparwarda.com
http://bakron.co.za/db_template.php,bakron.co.za
http://balaateen.co.za/less/db_template.php,balaateen.co.za
http://bangortalk.org.uk/speakers.php?c=,bangortalk.org.uk
http://bc-u.co.uk/db_template.php,bc-u.co.uk
http://beehiveholdingszar.co.za/db_template.php,beehiveholdingszar.co.za
http://beesrenovations.co.za/images/db_template.php,beesrenovations.co.za
http://benonicoc.co.za/resources/db_template.php,benonicoc.co.za
http://berped.co.za/db_template.php,berped.co.za
http://best2.thebestconference.org/ccb/browse_cat.php?c=,best2.thebestconference.org
http://best-digital-slr-cameras.com/db_template.php,best-digital-slr-cameras.com
http://bestencouragementwords.com/db_template.php,bestencouragementwords.com
http://bikekaidee.com/admin/404.php?c=,bikekaidee.com
http://bios-chip.co.za/db_template.php,bios-chip.co.za
http://blackthorn.co.za/db_template.php,blackthorn.co.za
http://boardaffairs.com/db_template.php,boardaffairs.com
http://breastfeedingbra.co.za/db_template.php,breastfeedingbra.co.za
http://broken-arrow.co.za/db_template.php,broken-arrow.co.za
http://buboobioinnovations.co.za/wpimages/db_template.php,buboobioinnovations.co.za
http://burgercoetzeeattorneys.co.za/db_template.php,burgercoetzeeattorneys.co.za
http://cafawelding.co.za/font-awesome/db_template.php,cafawelding.co.za
http://camco.com.pk/Controls/data.aspx?c=,camco.com.pk
http://canarytokens.com/about/d3g23n4gdcrep20q3wzm153xn/index.html,canarytokens.com
http://canarytokens.com/tags/traffic/images/azp6ai8pg5aq0c619ur0qzi6h/,canarytokens.com
http://canarytokens.com/tags/traffic/images/azp6ai8pg5aq0c619ur0qzi6h/post.jsp,canarytokens.com
http://capetownway.co.za/db_template.php,capetownway.co.za
http://capewindstrading.co.za/db_template.php,capewindstrading.co.za
http://capitalradiopetition.co.za/db_template.php,capitalradiopetition.co.za
http://capriflower.co.za/db_template.php,capriflower.co.za
http://carlagrobler.co.za/components/db_template.php,carlagrobler.co.za
http://cashforyousa.co.za/db_template.php,cashforyousa.co.za
http://cazochem.co.za/cazochem/db_template.php,cazochem.co.za
http://cbpexbrasilia.com.br/wp-content/plugins/wordpressseo/power.php?c=,cbpexbrasilia.com.br
http://cbpexbrasilia.com.br/wp-content/plugins/wordpress-seo/power.php?c=,cbpexbrasilia.com.br
http://cbpexbrasilia.com.br/wp-includes/widgets/work.php?c=,cbpexbrasilia.com.br
http://cdxtrading.co.za/db_template.php,cdxtrading.co.za
http://centuriongsd.co.za/db_template.php,centuriongsd.co.za
http://centuryacademy.co.za/css/db_template.php,centuryacademy.co.za
http://ceramica.co.za/db_template.php,ceramica.co.za
http://cfm.com.pk/wp-includes/utf8.php?ac=1&n=,cfm.com.pk
http://cgss.com.pk/data.aspx?c=,cgss.com.pk
http://charispaarl.co.za/db_template.php,charispaarl.co.za
http://charliewestsecurity.co.za/db_template.php,charliewestsecurity.co.za
http://chinamall.co.za/db_template.php,chinamall.co.za
http://chrisdejager-attorneys.co.za/db_template.php,chrisdejager-attorneys.co.za
http://chrishanicdc.org/wpimages/db_template.php,chrishanicdc.org
http://ciscoupdate2019.gotdns.ch/users.php?,ciscoupdate2019.gotdns.ch
http://clandecor.co.za/rvsUtf8Backup/db_template.php,clandecor.co.za
http://clientcare.co.ls/db_template.php,clientcare.co.ls
http://cloudhostdesign.com/db_template.php,cloudhostdesign.com
http://cloudhub.co.ls/modules/db_template.php,cloudhub.co.ls
http://cmhts.co.za/resources/db_template.php,cmhts.co.za
http://colenesphotography.co.za/modules/db_template.php,colenesphotography.co.za
http://comfortex.co.za/php/db_template.php,comfortex.co.za
http://comsip.org.mw/db_template.php,comsip.org.mw
http://corplink.com.pk/wp-content/themes/buisson/16433.jpg,corplink.com.pk
http://courtesydriving.co.za/js/db_template.php,courtesydriving.co.za
http://crystaltidings.co.za/db_template.php,crystaltidings.co.za
http://cupboardcure.co.za/vendor/db_template.php,cupboardcure.co.za
http://debnoch.com/image/db_template.php,debnoch.com
http://deepgraphics.co.za/db_template.php,deepgraphics.co.za
http://delcom.co.za/db_template.php,delcom.co.za
http://delectronics.com.pk/db_template.php,delectronics.com.pk
http://desirablehair.co.za/db_template.php,desirablehair.co.za
http://dianakleyn.co.za/layouts/db_template.php,dianakleyn.co.za
http://diegemmerkat.co.za/db_template.php,diegemmerkat.co.za
http://digitalblue.co.za/db_template.php,digitalblue.co.za
http://digital-cameras-south-africa.co.za/script/db_template.php,digital-cameras-south-africa.co.za
http://diplomat.com.sa/wp-content/plugins/wordpressimporter/cache.php?c=,diplomat.com.sa
http://diplomat.com.sa/wp-content/plugins/wordpress-importer/cache.php?c=,diplomat.com.sa
http://domesticguardians.co.za/Banner/db_template.php,domesticguardians.co.za
http://dpscdgkhan.edu.pk/shopping/db_template.php,dpscdgkhan.edu.pk
http://droobox.online/luncher.doc,droobox.online
http://eastrandmotorlab.co.za/fleet/db_template.php,eastrandmotorlab.co.za
http://ecs-consult.com/db_template.php,ecs-consult.com
http://edgeforensic.co.za/db_template.php,edgeforensic.co.za
http://edgesecurity.co.za/js/db_template.php,edgesecurity.co.za
http://ednpk.com/db_template.php,ednpk.com
http://ektamservis.com/includes/main.php,ektamservis.com
http://embali.co.za/db_template.php,embali.co.za
http://emware.co.za/db_template.php,emware.co.za
http://entracorntrading.co.za/db_template.php,entracorntrading.co.za
http://erniecommunications.co.za/js/db_template.php,erniecommunications.co.za
http://evansmokaba.com/evansmokaba.com/thabiso/db_template.php,evansmokaba.com
http://experttutors.co.za/db_template.php,experttutors.co.za
http://fbrvolume.co.za/db_template.php,fbrvolume.co.za
http://fccorp.co.za/php/db_template.php,fccorp.co.za
http://feribschat.eu/logs.php?c=,feribschat.eu
http://fickstarelectrical.co.za/db_template.php,fickstarelectrical.co.za
http://fifacare55.com/404.php?c=,fifacare55.com
http://findinfo-more.com/db_template.php,findinfo-more.com
http://firstchoiceproperties.co.za/db_template.php,firstchoiceproperties.co.za
http://fragranceoil.co.za/db_template.php,fragranceoil.co.za
http://fsproperties.co.za/engine1/db_template.php,fsproperties.co.za
http://funeralbusinesssolution.com/email_template/db_template.php,funeralbusinesssolution.com
http://funisalodge.co.za/data1/db_template.php,funisalodge.co.za
http://ganitis.gr/db_template.php,ganitis.gr
http://geetransfers.co.za/font-awesome/db_template.php,geetransfers.co.za
http://genesisbs.co.za/db_template.php,genesisbs.co.za
http://getabletravel.co.za/wpscripts/db_template.php,getabletravel.co.za
http://getgooogle.hopto.org,getgooogle.hopto.org
http://get-paid-for-online-survey.com/db_template.php,get-paid-for-online-survey.com
http://ghanaconsulate.com.pk/data.aspx?c=,ghanaconsulate.com.pk
http://gideonitesprojects.com/db_template.php,gideonitesprojects.com
http://gladiyator.tk,gladiyator.tk
http://glenbridge.co.za/db_template.php,glenbridge.co.za
http://glgroup.co.za/images/db_template.php,glgroup.co.za
http://globalelectricalandconstruction.co.za/wpscripts/db_template.php,globalelectricalandconstruction.co.za
http://goldeninstitute.co.za/contents/db_template.php,goldeninstitute.co.za
http://googleads.hopto.org/data/ce28e899a8d3d00a.]dat,googleads.hopto.org
http://googleads.hopto.org,googleads.hopto.org
http://graphixo.net/wp-includes/utf8.php?ac=1&n=,graphixo.net
http://greenacrestf.co.za/video/db_template.php,greenacrestf.co.za
http://gsnconsulting.co.za/db_template.php,gsnconsulting.co.za
http://gtme.ae/font-awesome/css/main.php,gtme.ae
http://gvs.com.pk/font-awesome/db_template.php,gvs.com.pk
http://habibtextiles.pk/db_template.php,habibtextiles.pk
http://hardthiscore.ddns.net/users.php?,hardthiscore.ddns.net
http://hartenboswaterpark.co.za/templates/db_template.php,hartenboswaterpark.co.za
http://havilahglo.co.za/wpscripts/db_template.php,havilahglo.co.za
http://h-dubepromotions.co.za/db_template.php,h-dubepromotions.co.za
http://heartmade.ae/plugins/content/contact/Senditem.php?c=,heartmade.ae
http://heritagetravelmw.com/db_template.php,heritagetravelmw.com
http://hesterwebber.co.za/db_template.php,hesterwebber.co.za
http://highschoolsuperstar.co.za/files/db_template.php,highschoolsuperstar.co.za
http://hisandherskennels.co.za/php/db_template.php,hisandherskennels.co.za
http://hjb-racing.co.za/htdocs/db_template.php,hjb-racing.co.za
http://hmholdings360.co.za/db_template.php,hmholdings360.co.za
http://host4unix.net/host24new/db_template.php,host4unix.net
http://hubinasia.com/wp-includes/widgets/main.php,hubinasia.com
http://h-u-i.co.za/heiren/db_template.php,h-u-i.co.za
http://hybridauto.co.za/photography/db_template.php,hybridauto.co.za
http://iggleconsulting.com/db_template.php,iggleconsulting.com
http://iiee.edu.pk/db_template.php,iiee.edu.pk
http://iinvest4u.co.za/db_template.php,iinvest4u.co.za
http://immaculatepainters.co.za/db_template.php,immaculatepainters.co.za
http://in2accounting.co.za/db_template.php,in2accounting.co.za
http://incoso.co.za/images/db_template.php,incoso.co.za
http://indiba-africa.co.za/db_template.php,indiba-africa.co.za
http://indlovusecurity.co.za/db_template.php,indlovusecurity.co.za
http://indocraft.co.za/test/db_template.php,indocraft.co.za
http://infosystema.kg/public/images/file_library/2-Merve_Cooperation_CV.doc,infosystema.kg
http://insta-art.co.za/db_template.php,insta-art.co.za
http://instmech.uz/meryem.php,instmech.uz
http://intelligentprotection.co.za/db_template.php,intelligentprotection.co.za
http://interafricaconsulting.com/wpimages/db_template.php,interafricaconsulting.com
http://investaholdings.co.za/htc/db_template.php,investaholdings.co.za
http://iqra.co.za/pub/db_template.php,iqra.co.za
http://irshadfoundation.co.za/db_template.php,irshadfoundation.co.za
http://isibaniedu.co.za/admin/db_template.php,isibaniedu.co.za
http://isound.co.za/db_template.php,isound.co.za
http://itcdubai.net/action/contact_gtc.php?c=,itcdubai.net
http://itengineering.co.za/gatewaydiamond/db_template.php,itengineering.co.za
http://iw6v2p3cruy7tqfup3yl4dgt4pfibfa3ai4zgnu5df2q3hus3lm7c7ad.onion/support/,iw6v2p3cruy7tqfup3yl4dgt4pfibfa3ai4zgnu5df2q3hus3lm7c7ad.onion
http://jakobieducation.co.za/db_template.php,jakobieducation.co.za
http://jdcorporate.co.za/catalog/db_template.php,jdcorporate.co.za
http://jeanetteproperties.co.za/db_template.php,jeanetteproperties.co.za
http://jhphotoedits.co.za/db_template.php,jhphotoedits.co.za
http://jsonstore.io/4de4d6d84d17638b3cd0eaf18857784aff27501be7d3dd89fad2b7ac2134f52e,jsonstore.io
http://juniorad.co.za/vendor/db_template.php,juniorad.co.za
http://jvpsfunerals.co.za/db_template.php,jvpsfunerals.co.za
http://jwseshowe.co.za/assets/db_template.php,jwseshowe.co.za
http://kale.alfa-bilisim.com/banka/3d/data.aspx?c=,kale.alfa-bilisim.com
http://kale.alfa-bilisim.com/Content/data.aspx?c=,kale.alfa-bilisim.com
http://ksahosting.net/wp-includes/utf8.php,ksahosting.net
http://ladiescircle.co.za/db_template.php,ladiescircle.co.za
http://lalindustries.com/wp-content/upgrade/editor.php,lalindustries.com
http://lalindustries.com/wp-content/upgrade/editor.php?ac=1&n=,lalindustries.com
http://larsson-elevator.com/plugins/xmap/com_k2/com.php?c=,larsson-elevator.com
http://latvia-usa.org/wp-includes/customize/main.php,latvia-usa.org
http://ldams.org.ls/supplies/db_template.php,ldams.org.ls
http://lensofafrica.co.za/db_template.php,lensofafrica.co.za
http://linkupdate.org/js/js.php?ac=1&n=,linkupdate.org
http://lppaportal.org.ls/db_template.php,lppaportal.org.ls
http://luxconprojects.co.za/db_template.php,luxconprojects.co.za
http://magical-energy.com/css.aspx?c=,magical-energy.com
http://magical-energy.com/css/css.aspx?c=,magical-energy.com
http://mainandstrand.com/work.php?c=,mainandstrand.com
http://menaboracks.co.za/tmp/db_template.php,menaboracks.co.za
http://mgamule.co.za/oldweb/db_template.php,mgamule.co.za
http://mmetl.co.za/db_template.php,mmetl.co.za
http://mokorotlocorporate.com/db_template.php,mokorotlocorporate.com
http://molepetravel.co.ls/db_template.php,molepetravel.co.ls
http://msdn.cloud/FC001/JOHN,msdn.cloud
http://muallematsela.com/db_template.php,muallematsela.com
http://oftheearthphotography.com/www/db_template.php,oftheearthphotography.com
http://ohofifa.com/wp-content/themes/Newspaper/mobile/includes/404.php?c=,ohofifa.com
http://ohofifa.com/wp-content/themes/Newspaper/mobile/work.php?c=,ohofifa.com
http://orbe-fzc.com/letter-for-Kazakhstan.doc,orbe-fzc.com
http://passright.co.za/db_template.php,passright.co.za
http://plet.dk/css/css.css,plet.dk
http://printernet.co.za/db_template.php,printernet.co.za
http://proeventsports.co.za/db_template.php,proeventsports.co.za
http://projac.co.uk/Senditem.php?c=,projac.co.uk
http://promechtransport.co.za/scripts/db_template.php,promechtransport.co.za
http://raw.githubusercontent.com/sanmnr/n/master/lres.p,raw.githubusercontent.com
http://riyadhfoods.com/css/edu.aspx?c=,riyadhfoods.com
http://riyadhfoods.com/jquery-ui/js/jquery.aspx?c=,riyadhfoods.com
http://rma-law.co.za/db_template.php,rma-law.co.za
http://romix-group.com/modules/mod_wrapper/Senditem.php?c=,romix-group.com
http://ryanchristiefurniture.co.za/db_template.php,ryanchristiefurniture.co.za
http://school.suliparwarda.com/components/com_akeeba/work.php?c= http://school.suliparwarda.com/plugins/editors/codemirror/work.php?c=,school.suliparwarda.com
http://search-bing.site/FC003/User=H6szn1woY2pLV,search-bing.site
http://sefikengfarm.co.ls/db_template.php,sefikengfarm.co.ls
http://seismicfactory.co.za/db_template.php,seismicfactory.co.za
http://servicebox.co.za/db_template.php,servicebox.co.za
http://shareliverpoolfc.co.uk/js/main.php,shareliverpoolfc.co.uk
http://shopcloths.ddns.net/users.php?,shopcloths.ddns.net
http://shopcloths.ddns.net,shopcloths.ddns.net
http://signsoftime.co.za/db_template.php,signsoftime.co.za
http://skhaleni.co.za/db_template.php,skhaleni.co.za
http://snapfile.org/756a12c43a0fb8d56fbf,snapfile.org
http://suliparwarda.com/includes/panda.php?c=,suliparwarda.com
http://suliparwarda.com/layouts/joomla/logs.php?c=http://suliparwarda.com/wp-content/plugins/entry-views/work.php?c=http://suliparwarda.com/wp-content/themes/twentyfifteen/work.php?c=,suliparwarda.com
http://sullivanprimary.co.za/db_template.php,sullivanprimary.co.za
http://sygateway.com/sbww8ry7dhpn5b3nbuy5u5szuutqszrs6/4g79zu9g842pug646vt7wggtr6vk6739,sygateway.com
http://taxconsultantsdubai.ae/wp-content/themes/config.php?c=,taxconsultantsdubai.ae
http://tcpbereka.co.za/js/db_template.php,tcpbereka.co.za
http://teeyaipakin.com/wp-content/plugins/all-in-one-seo-pack/404.php?c=,teeyaipakin.com
http://tfu.ae/README.txt,tfu.ae
http://thecompasssolutions.co.za/db_template.php,thecompasssolutions.co.za
http://themotoringcalendar.co.za/db_template.php,themotoringcalendar.co.za
http://tmclub.eu/clubdata.php?c=,tmclub.eu
http://valis-ti.cl/assets/main.php,valis-ti.cl
http://verifiedseller.co.za/js/db_template.php,verifiedseller.co.za
http://visionclinic.co.ls/visionclinic/db_template.php,visionclinic.co.ls
http://vumavaluations.co.za/db_template.php,vumavaluations.co.za
http://watyanagr.nfe.go.th/e-office/lib/work.php?c=http://watyanagr.nfe.go.th/watyanagr/power.php?c=,watyanagr.nfe.go.th
http://whiver.in/power.php?c=,whiver.in
http://willpowerpos.co.za/db_template.php,willpowerpos.co.za
http://winagainstebola.com/db_template.php,winagainstebola.com
http://www.4seasonrentacar.com/viewsure/data.aspx?c=,www.4seasonrentacar.com
http://www.acer-parts.co.za/db_template.php,www.acer-parts.co.za
http://www.agencesylvieleclerc.com/db_template.php,www.agencesylvieleclerc.com
http://www.agenceuhd.com/db_template.php,www.agenceuhd.com
http://www.agirlgonewine.com/store/db_template.php,www.agirlgonewine.com
http://www.akhtaredanesh.com/d/file/sym/work.php?c=,www.akhtaredanesh.com
http://www.akhtaredanesh.com/d/oschool/power.php?c=,www.akhtaredanesh.com
http://www.albertamechanical.ca/db_template.php,www.albertamechanical.ca
http://www.albertaprimebeef.com/db_template.php,www.albertaprimebeef.com
http://www.alcalumni.com/wp-includes/db_template.php,www.alcalumni.com
http://www.alessioborzuola.com/downloads/db_template.php,www.alessioborzuola.com
http://www.alestilorachel.com/db_template.php,www.alestilorachel.com
http://www.alexanderhomestead.com/db_template.php,www.alexanderhomestead.com
http://www.alexandrasternin.com/illustration/db_template.php,www.alexandrasternin.com
http://www.alexjeffersonconsulting.com/wp-includes/db_template.php,www.alexjeffersonconsulting.com
http://www.alfredoposada.com/db_template.php,www.alfredoposada.com
http://www.algom-law.com/db_template.php,www.algom-law.com
http://www.aliandconsulting.com/db_template.php,www.aliandconsulting.com
http://www.alinn-u-yin.com/db_template.php,www.alinn-u-yin.com
http://www.allbuyer.co.uk/db_template.php,www.allbuyer.co.uk
http://www.allcopytoners.com/db_template.php,www.allcopytoners.com
http://www.allstylus.com.br/db_template.php,www.allstylus.com.br
http://www.allwestdental.com/wp-includes/db_template.php,www.allwestdental.com
http://www.almaarefut.com/admin/db_template.php,www.almaarefut.com
http://www.alpacal.com/db_template.php,www.alpacal.com
http://www.altaica.ca/wordpress/db_template.php,www.altaica.ca
http://www.ambientproperty.com/db_template.php,www.ambientproperty.com
http://www.amerindgen.com/author/admin1/db_template.php,www.amerindgen.com
http://www.amexcars.info/tpl/db_template.php,www.amexcars.info
http://www.amika.hr/db_template.php,www.amika.hr
http://www.amjobs.co.uk/db_template.php,www.amjobs.co.uk
http://www.amphibiblechurch.com/db_template.php,www.amphibiblechurch.com
http://www.andreabelfi.com/db_template.php,www.andreabelfi.com
http://www.androidwikihow.com/db_template.php,www.androidwikihow.com
http://www.animationinisrael.org/tmp_images/db_template.php,www.animationinisrael.org
http://www.antc.ch/wp-includes/db_template.php,www.antc.ch
http://www.antigonisworld.com/wp-includes/db_template.php,www.antigonisworld.com
http://www.antirughenaturale.com/wp-admin/db_template.php,www.antirughenaturale.com
http://www.antoanetapalikarska.com/db_template.php,www.antoanetapalikarska.com
http://www.apmequestrian.com/db_template.php,www.apmequestrian.com
http://www.aprendiendoencasa.com/wp-includes/db_template.php,www.aprendiendoencasa.com
http://www.aptibet.org/db_template.php,www.aptibet.org
http://www.arabgamenetwork.com/db_template.php,www.arabgamenetwork.com
http://www.arabiccasinochoice.com/db_template.php,www.arabiccasinochoice.com
http://www.arcadecreative.com/work.php?c=,www.arcadecreative.com
http://www.ariehandomri.com/db_template.php,www.ariehandomri.com
http://www.armaholic.com/list.php?c=,www.armaholic.com
http://www.asan-max.com/files/articles/css.aspx?c=,www.asan-max.com
http://www.asan-max.com/files/articles/large/css.aspx?c=,www.asan-max.com
http://www.autotrans.hr/index.php?c=,www.autotrans.hr
http://www.bashancorp.co.za/db_template.php,www.bashancorp.co.za
http://www.bestdecorativemirrors.com/More-Mirrors/db_template.php,www.bestdecorativemirrors.com
http://www.bitp.co.za/db_template.php,www.bitp.co.za
http://www.britishasia-equip.co.uk/db_template.php,www.britishasia-equip.co.uk
http://www.buhlebayoacademy.com/db_template.php,www.buhlebayoacademy.com
http://www.cankayasrc.com/style/js/main.php,www.cankayasrc.com
http://www.centreforgovernance.uk/db_template.php,www.centreforgovernance.uk
http://www.cfm.com.pk/wp-includes/utf8.php?ac=1&n=,www.cfm.com.pk
http://www.cms.qa/css,www.cms.qa
http://www.crissamconsulting.co.za/db_template.php,www.crissamconsulting.co.za
http://www.dafc.co.uk/news.php?c=,www.dafc.co.uk
http://www.daleth.co.za/db_template.php,www.daleth.co.za
http://www.digitalmedia.co.za/db_template.php,www.digitalmedia.co.za
http://www.dingaanassociates.co.za/db_template.php,www.dingaanassociates.co.za
http://www.duotonedigital.co.za/db_template.php,www.duotonedigital.co.za
http://www.dws-gov.co.za/db_template.php,www.dws-gov.co.za
http://www.eapa.org/asphalt.php?c=,www.eapa.org
http://www.easy-home-sales.co.za/db_template.php,www.easy-home-sales.co.za
http://www.edesignz.co.za/db_template.php,www.edesignz.co.za
http://www.elev8tor.com/show-work.php?c=,www.elev8tor.com
http://www.eloquent.co.za/nweb2/db_template.php,www.eloquent.co.za
http://www.fun4kidz.co.za/db_template.php,www.fun4kidz.co.za
http://www.galwayprimary.co.za/db_template.php,www.galwayprimary.co.za
http://www.generictoners.co.za/db_template.php,www.generictoners.co.za
http://www.getcord.co.za/db_template.php,www.getcord.co.za
http://www.gilforsenate.com/db_template.php,www.gilforsenate.com
http://www.graphixo.net/wp-includes/utf8.php?ac=gc&al=,www.graphixo.net
http://www.gsmmid.com/db_template.php,www.gsmmid.com
http://www.harmonyguesthouse.co.za/db_template.php,www.harmonyguesthouse.co.za
http://www.hfhl.org.ls/habitat/db_template.php,www.hfhl.org.ls
http://www.humorcarbons.com/db_template.php,www.humorcarbons.com
http://www.iancullen.co.za/db_template.php,www.iancullen.co.za
http://www.icsswaziland.com/db_template.php,www.icsswaziland.com
http://www.ihlosiqs-pm.co.za/db_template.php,www.ihlosiqs-pm.co.za
http://www.infratechconsulting.com/db_template.php,www.infratechconsulting.com
http://www.jdarchs.com/work.php?c=,www.jdarchs.com
http://www.jsonstore.io/ddf35a64bd5ad54f9de868a84cdb21299a33d126e307ec3a868f65372402816a,www.jsonstore.io
http://www.khotsonglodge.co.ls/db_template.php,www.khotsonglodge.co.ls
http://www.ksahosting.net/wp-includes/utf8.php?ac=gc&al=,www.ksahosting.net
http://www.kunkrooann.com/inc/work.php?c=,www.kunkrooann.com
http://www.loansonhomes.co.za/db_template.php,www.loansonhomes.co.za
http://www.m-3.co.za/db_template.php,www.m-3.co.za
http://www.mackellarscreenworks.com/work.php?c=,www.mackellarscreenworks.com
http://www.malboer.co.za/trendy1/db_template.php,www.malboer.co.za
http://www.mikimaths.com/db_template.php,www.mikimaths.com
http://www.mitegen.com/mic_catalog.php?c=,www.mitegen.com
http://www.nigelwhitfield.com/v2/work.php?c=,www.nigelwhitfield.com
http://www.pism.pl/_inc/_assets/oa/?id=a121cd59657fc234414bf33d4c7d21b9,www.pism.pl
http://www.pomegranates.org/index.php?c=,www.pomegranates.org
http://www.rejoicetheatre.com/db_template.php,www.rejoicetheatre.com
http://www.ridefox.com/content.php?c=,www.ridefox.com
http://www.shapingtomorrowsworld.org/category.php?c=,www.shapingtomorrowsworld.org
http://www.tanati.co.za/db_template.php,www.tanati.co.za
http://www.tfu.ae/README.txt,www.tfu.ae
http://www.tonaro.co.za/db_template.php,www.tonaro.co.za
http://www.vanessajackson.co.uk/work.php?c=,www.vanessajackson.co.uk
http://www.wmg-global.com/wp-content/wp_fast_cache/wmg-global.com/Senditem.php?c=,www.wmg-global.com
http://www.yaran.co//wp-content/plugins/so-masonry/logs.php?c= http://www.yaran.co/wp-includes/widgets/logs.php?c=,www.yaran.co
http://www.ztm.waw.pl/pop.php?c=,www.ztm.waw.pl
http://zstoreshoping.ddns.net/Data/,zstoreshoping.ddns.net
http://zstoreshoping.ddns.net/DMU.exe,zstoreshoping.ddns.net
http://zstoreshoping.ddns.net/users.php?tname=,zstoreshoping.ddns.net
https://194.36.189.182/Default.aspx,194.36.189.182
https://1drv.ms/u/s!Ah4-vpXOyPCGdd1DkLHmbL2qXQU?e=RkaudW,1drv.ms
https://1drv.ms/u/s!Ah4-vpXOyPCGei4qS0YaTDQULIg?e=HagXZ,1drv.ms
https://a.storyblok.com/f/253959/x/b92ea48421/form.zip,a.storyblok.com
https://a.storyblok.com/f/255988/x/5e0186f61d/questionnaire.zip,a.storyblok.com
https://a.storyblok.com/f/259791/x/94f59e378f/questionnaire.zip,a.storyblok.com
https://a.storyblok.com/f/259837/x/21e6a04837/defense-video.zip,a.storyblok.com
https://agapeencounter.org/db_template.php,agapeencounter.org
https://agiledepot.com/db_template.php,agiledepot.com
https://ahelicoptermom.com/wp-includes/db_template.php,ahelicoptermom.com
https://aileeshop.com/db_template.php,aileeshop.com
https://airpazflys.egnyte.com/dd/hktpG8OmUs/?entryId=e575bc60-b063-45da-bb9e-6bda88b4641,airpazflys.egnyte.com
https://alaskanharvestseafood.com/backup/db_template.php,alaskanharvestseafood.com
https://albousala.com/db_template.php,albousala.com
https://alceharfield.com/db_template.php,alceharfield.com
https://aleoestudio.com/gallonature/db_template.php,aleoestudio.com
https://aliart.nl/db_template.php,aliart.nl
https://allday.gr/db_template.php,allday.gr
https://allmantravel.com/thumbs/db_template.php,allmantravel.com
https://allusdoctors.com/themes/db_template.php,allusdoctors.com
https://almokan.net/wp-includes/db_template.php,almokan.net
https://al-mostakbl.com/db_template.php,al-mostakbl.com
https://alnahdatraining.com/db_template.php,alnahdatraining.com
https://aloefly.net/db_template.php,aloefly.net
https://alphainvestors.com.au/db_template.php,alphainvestors.com.au
https://alphawaves.org/wp-admin/db_template.php,alphawaves.org
https://alterwebhost.com/db_template.php,alterwebhost.com
https://althurayaa.com/db_template.php,althurayaa.com
https://ambyenta.hr/db_template.php,ambyenta.hr
https://americanbrasil.com.br/db_template.php,americanbrasil.com.br
https://amiici.vision/db_template.php,amiici.vision
https://amishcountryfurnishings.com/db_template.php,amishcountryfurnishings.com
https://amooy.com/webservice/db_template.php,amooy.com
https://anbinni.ba/wp-admin/db_template.php,anbinni.ba
https://ancient-wisdoms.com/db_template.php,ancient-wisdoms.com
https://andihaas.at/wp-includes/db_template.php,andihaas.at
https://angel-blanco.net/wp-includes/db_template.php,angel-blanco.net
https://animeok.co.il/db_template.php,animeok.co.il
https://annapolisfirstlimo.com/editob.nvd,annapolisfirstlimo.com
https://annodle.com/db_template.php,annodle.com
https://anotherdayinparadise.ca/db_template.php,anotherdayinparadise.ca
https://aquabsafe.com/db_template.php,aquabsafe.com
https://aquo.in/db_template.php,aquo.in
https://arbeidsrechtcentrum.nl/db_template.php,arbeidsrechtcentrum.nl
https://arbulario.com/db_template.php,arbulario.com
https://archiotronic.com/wp-includes/db_template.php,archiotronic.com
https://arc-sec.net/db_template.php,arc-sec.net
https://arhiepiscopiabucurestilor.ro/templates/db_template.php,arhiepiscopiabucurestilor.ro
https://armenianeconomy.com/Desktop_app.zip,armenianeconomy.com
https://assignmenthelptoday.com/includes/utf8.php?ac=gc&al=,assignmenthelptoday.com
https://assignmenthelptoday.com/wp-includes/utf8.php,assignmenthelptoday.com
https://beepaste.io/view/raw/pPCMo1,beepaste.io
https://benangin.com/wp-includes/widgets/main.php,benangin.com
https://cnsmportal.egnyte.com/dd/7c9GrUS07R/?entryId=abf29d16-fe05-4ab7-8fbc-20dfa304110,cnsmportal.egnyte.com
https://coa.inducks.org/publication.php?c=,coa.inducks.org
https://dzoz.us/js/js.js,dzoz.us
https://filecloud.egnyte.com/dd/Eqah3YMzd7/?entryId=7cd6c29a-441e-4d6e-aa8e-2ea362c72ec1,filecloud.egnyte.com
https://filetransfer.io/data-package/tuMe19fV/download,filetransfer.io
https://foxnews-reports.com/sbww8ry7dhpn5b3nbuy5u5szuutqszrs6/4g79zu9g842pug646vt7wggtr6vk6739/via::4baedb66b61df0c7f78d388e7315cea9ab97cc0ad2bf38102bd44950e9c78396,foxnews-reports.com
https://freeupload.store/rALE7/wIHItUcE08.msi/download,freeupload.store
https://hs1.iphide.net:751,hs1.iphide.net:751
https://hs2.iphide.net:751,hs2.iphide.net:751
https://hs3.iphide.net:751,hs3.iphide.net:751
https://hs4.iphide.net:751,hs4.iphide.net:751
https://In5.sync.com/dl/0ebdba230/cjzb2fkk-kf5yim5f-d3eafg4u-36hzp7dh/view/default/5249681010102,in5.sync.com
https://instance-sy9at2-relay.screenconnect.com,instance-sy9at2-relay.screenconnect.com
https://instance-uwct38-relay.screenconnect.com,instance-uwct38-relay.screenconnect.com
https://israel2025.egnyte.com/fl/Dd4AAzJy0H,israel2025.egnyte.com
https://it1.comodo-vpn.com:1950,it1.comodo-vpn.com:1950
https://it1.comodo-vpn.com:1953,it1.comodo-vpn.com:1953
https://kinneretacil.egnyte.com,kinneretacil.egnyte.com
https://ln5.sync.com/dl/cc84c9a40/grefpuhc-p9kmxpkx-kw6waakz-e8xp8atm,ln5.sync.com
https://megolan.egnyte.com,megolan.egnyte.com
https://mhtevents.com/account.php?c=,mhtevents.com
https://netivtech.org/cmd,netivtech.org
https://netivtech.org/imalive,netivtech.org
https://netivtech.org/register,netivtech.org
https://netivtech.org/request,netivtech.org
https://nour.egnyte.com/dd/JouX0lfjrm/?entryId=797b05b5-13ea-40ac-9580-1488085ca1c7,nour.egnyte.com
https://offtecportal.egnyte.com/dd/zjlLbghsyS/,offtecportal.egnyte.com
https://onedrive.live.com/?cid=90538e4acbd532b6&id=90538E4ACBD532B6!s003de7bde84643d8a8201c66c7d860e4&resid=90538E4ACBD532B6!s003de7bde84643d8a8201c66c7d860e4&e=4dgLbm&umid=7BD8C53B-3C27-E906-BC83-DE53A811A0C5&auth=fd937f5235754866e391be3d740aab34550b092b-1135c5dbef11345a66e7b1cd140d665deb526fcf&migratedtospo=true&redeem=aHR0cHM6Ly8xZHJ2Lm1zL3UvYy85MDUzOGU0YWNiZDUzMmI2L0ViM25QUUJHNk5oRHFDQWNac2ZZWU9RQlI2bTd2V0o1bGVQT0NxcjBmMEJSOUE_ZT00ZGdMYm0mYW1wO3VtaWQ9N0JEOEM1M0ItM0MyNy1FOTA2LUJDODMtREU1M0E4MTFBMEM1JmFtcDthdXRoPWZkOTM3ZjUyMzU3NTQ4NjZlMzkxYmUzZDc0MGFhYjM0NTUwYjA5MmItMTEzNWM1ZGJlZjExMzQ1YTY2ZTdiMWNkMTQwZDY2NWRlYjUyNmZjZg,onedrive.live.com
https://onedrive.live.com/?id=6E0EB4488A5305D9!sbfc56b19974347b4a62694837e78dbd0&resid=6E0EB4488A5305D9!sbfc56b19974347b4a62694837e78dbd0&cid=6e0eb4488a5305d9&redeem=aHR0cHM6Ly8xZHJ2Lm1zL3UvYy82ZTBlYjQ0ODhhNTMwNWQ5L0VSbHJ4YjlEbDdSSHBpYVVnMzU0MjlBQjQ3YnU1dnJybXczdEF4S3VzR20yemc_ZT0zeWt2Z2g&migratedtospo=true,onedrive.live.com
https://police-am.info/i.msi,police-am.info
https://police-am.info/news/view/galstanyan151026.html,police-am.info
https://r1.earthvpn.org:3413,r1.earthvpn.org:3413
https://r2.earthvpn.org:3413,r2.earthvpn.org:3413
https://raw.githubusercontent.com/F0R3X/BrowserFontArabic/master/ArabicBrowserFont.exe,raw.githubusercontent.com
https://raw.githubusercontent.com/F0R3X/BrowserFontArabic/master/FontArabic.exe,raw.githubusercontent.com
https://raw.githubusercontent.com/ReactDeveloper2017/react/master/src/test/test.js,raw.githubusercontent.com
https://rimonnet.egnyte.com,rimonnet.egnyte.com
https://screenai.online/Home/,screenai.online
https://secure.internxt.com/d/sh/file/c9eaa8c5-56c9-40d1-936c-45842f6b1939/aa21dfa77a572f09e57c0da7fe27057220418a69ab1c9809bc9cdcc86f4625ba,secure.internxt.com
https://secure.ue.internxt.com/d/sh/file/763a0e5a-ef4c-4df2-9145-69e9717b393b/faa24bcca42513a92c733705c0aa90c922b75e532dcf3725044ff179d5ebf811,secure.ue.internxt.com
https://share.eu.internxt.com/d/sh/file/04792c28-4b4d-46fc-ae1f-e5d802dad2ae/227d3e1bc7a102346eb246cf6545d8e027064f1890d8067f4e3636e147910119,share.eu.internxt.com
https://share.eu.internxt.com/d/sh/file/91564ba0-49fe-4fd7-ba89-5105b465b5ca/6a47be3fc8c5b7224d9fa79d46082091c3fee9e62665dee4fbd332f94b1cb0af,share.eu.internxt.com
https://shorturl.at/bYqUx,shorturl.at
https://shorturl.at/NCxJk,shorturl.at
https://skepticalscience.com/graphics.php?c=,skepticalscience.com
https://snapfile.org/55e1c83e920bb7dc949c,snapfile.org
https://snapfile.org/5bc3985cf17565a97dbd,snapfile.org
https://snapfile.org/d/0c88a47c3160338bbb68,snapfile.org
https://snapfile.org/d/c7817a35554e88572b7b,snapfile.org
https://v2uploads.zopim.io/2/u/K/2uKM8Mhn4WHvqm9pjHrjaogyOYub9ouO/064eab6bff1b47eb92cbf1ed35f57098e5e686b2.msi,v2uploads.zopim.io
https://v2uploads.zopim.io/2/u/K/2uKM8Mhn4WHvqm9pjHrjaogyOYub9ouO/892fedae59b274ca24916de33650d318168ce335.zip,v2uploads.zopim.io
https://wallpapercase.com/wp-content/themes/twentyfifteen/logs.php?c= https://wallpapercase.com/wp-includes/customize/logs.php?c=,wallpapercase.com
https://ws.onehub.com/files/2acif6fd,ws.onehub.com
https://ws.onehub.com/files/2v3vddoz,ws.onehub.com
https://ws.onehub.com/files/3wbmh4dn,ws.onehub.com
https://ws.onehub.com/files/6mdx97ke,ws.onehub.com
https://ws.onehub.com/files/7gxjdunb,ws.onehub.com
https://ws.onehub.com/files/7w1372el,ws.onehub.com
https://ws.onehub.com/files/7zxtjnuq,ws.onehub.com
https://ws.onehub.com/files/8dv4x5au,ws.onehub.com
https://ws.onehub.com/files/94otjyvd,ws.onehub.com
https://ws.onehub.com/files/a8feoks5,ws.onehub.com
https://ws.onehub.com/files/ajywuu3m,ws.onehub.com
https://ws.onehub.com/files/bbmiio1c,ws.onehub.com
https://ws.onehub.com/files/c65kn7bd,ws.onehub.com
https://ws.onehub.com/files/diooaamv,ws.onehub.com
https://ws.onehub.com/files/f1z2yhg4,ws.onehub.com
https://ws.onehub.com/files/f5hk55dj,ws.onehub.com
https://ws.onehub.com/files/flc85rox,ws.onehub.com
https://ws.onehub.com/files/gnhouou3,ws.onehub.com
https://ws.onehub.com/files/gwh3zbdo,ws.onehub.com
https://ws.onehub.com/files/hfluywkv,ws.onehub.com
https://ws.onehub.com/files/iwtnohnh,ws.onehub.com
https://ws.onehub.com/files/lhtyczeu,ws.onehub.com
https://ws.onehub.com/files/mbchrjzb,ws.onehub.com
https://ws.onehub.com/files/moq3ph78,ws.onehub.com
https://ws.onehub.com/files/nbe9qggq,ws.onehub.com
https://ws.onehub.com/files/nccnenr5,ws.onehub.com
https://ws.onehub.com/files/njzlef9m,ws.onehub.com
https://ws.onehub.com/files/o32es3za,ws.onehub.com
https://ws.onehub.com/files/ocf5hcft,ws.onehub.com
https://ws.onehub.com/files/q387wpdg,ws.onehub.com
https://ws.onehub.com/files/rw1n5ova,ws.onehub.com
https://ws.onehub.com/files/rxaoroum,ws.onehub.com
https://ws.onehub.com/files/uuz4u9iq,ws.onehub.com
https://ws.onehub.com/files/x68hqy91,ws.onehub.com
https://ws.onehub.com/files/xluzoia8,ws.onehub.com
https://ws.onehub.com/files/xoihhowz,ws.onehub.com
https://ws.onehub.com/files/zgov9aqy,ws.onehub.com
https://ws.onehub.com/files/zoovfies,ws.onehub.com
https://ws.onehub.com,ws.onehub.com
https://www.adfg.ae/wp-includes/widgets/main.php,www.adfg.ae
https://www.aircafe24.com/db_template.php,www.aircafe24.com
https://www.air-mag.ro/db_template.php,www.air-mag.ro
https://www.airporttaxi-uk.co.uk/wp-includes/db_template.php,www.airporttaxi-uk.co.uk
https://www.alakml.com/wp-admin/db_template.php,www.alakml.com
https://www.alexponcet.com/wp-includes/db_template.php,www.alexponcet.com
https://www.alfransia.com/wp-admin/db_template.php,www.alfransia.com
https://www.allin-chain.com/db_template.php,www.allin-chain.com
https://www.alphapixa.com/db_template.php,www.alphapixa.com
https://www.alteaparadise.com/wp-includes/db_template.php,www.alteaparadise.com
https://www.alvarezarquitectos.com/db_template.php,www.alvarezarquitectos.com
https://www.amateurastronomy.org/db_template.php,www.amateurastronomy.org
https://www.amazingbuyrd.com/admin/db_template.php,www.amazingbuyrd.com
https://www.amighini.it/webservice/db_template.php,www.amighini.it
https://www.anatapackaging.com/vendors/db_template.php,www.anatapackaging.com
https://www.ancamamara.com/wp-admin/db_template.php,www.ancamamara.com
https://www.angelesrevista.com/db_template.php,www.angelesrevista.com
https://www.antojoentucocina.com/db_template.php,www.antojoentucocina.com
https://www.apliety.co.il/wp-includes/db_template.php,www.apliety.co.il
https://www.appster.it/wp-includes/db_template.php,www.appster.it
https://www.buraqlubricant.com/db_template.php,www.buraqlubricant.com
https://www.cartridgecave.co.za/db_template.php,www.cartridgecave.co.za
https://www.dopetroleum.com/db_template.php,www.dopetroleum.com
https://www.dropbox.com/s/scj6n0l58yyb3f1/Purchase%20Order%20for%20Supplies--no12305570.zip,www.dropbox.com
https://www.engeltjieakademie.co.za/db_template.php,www.engeltjieakademie.co.za
https://www.filemail.com/t/l4jPTfwQ,www.filemail.com
https://www.filemail.com/t/nPsXOk6N,www.filemail.com
https://www.jsonstore.io/4de4d6d84d17638b3cd0eaf18857784aff27501be7d3dd89fad2b7ac2134f52e,www.jsonstore.io
https://www.jsonstore.io/81196d76202fe2299b44deff6535b2dcf86ea62b22ee25543ae3e376b425a6ca,www.jsonstore.io
https://www.spearhead-training.com//html/power.php?c=,www.spearhead-training.com
https://www.spearhead-training.com/action/point2.php?c=,www.spearhead-training.com
https://www.spearhead-training.com/work.php?c=,www.spearhead-training.com
hxxp://3cbc.net/dropbox/icon.icon,3cbc.net
hxxp://amorenvena.com/main.php,amorenvena.com
hxxp://amphibiblechurch.com/main.php,amphibiblechurch.com
hxxp://amphira.com/main.php,amphira.com
hxxp://andreabelfi.com/main.php,andreabelfi.com
hxxp://andreasiegl.com/main.php,andreasiegl.com
hxxp://andresocana.com/main.php,andresocana.com
hxxp://ohe.ie/cli/icon.png,ohe.ie
hxxp://ohe.ie/cp/icon.png,ohe.ie
hxxp://pazazta.com/app/icon.png,pazazta.com
http://lynxad2seqpyu52lr5v7il4idasv23535a46s4bj65b3v7t5y6u5daqd.onion/login,lynxad2seqpyu52lr5v7il4idasv23535a46s4bj65b3v7t5y6u5daqd.onion
http://lynx2m7xz73zpmlm5nddbokk6a55fh2nzjq2r5nk2hbdbk74iddqfiqd.onion/login,lynx2m7xz73zpmlm5nddbokk6a55fh2nzjq2r5nk2hbdbk74iddqfiqd.onion
http://lynxchatdy3tgcuijsqofhssopcepirjfq2f4pvb5qd4un4dhqyxswqd.onion/login,lynxchatdy3tgcuijsqofhssopcepirjfq2f4pvb5qd4un4dhqyxswqd.onion
http://lynxaeddweqscykez5rknrug6ui5znq4yoxof5qnusiatiyuqqlwhead.onion/login,lynxaeddweqscykez5rknrug6ui5znq4yoxof5qnusiatiyuqqlwhead.onion
http://lynxblogxstgzsarfyk2pvhdv45igghb4zmthnzmsipzeoduruz3xwqd.onion/,lynxblogxstgzsarfyk2pvhdv45igghb4zmthnzmsipzeoduruz3xwqd.onion
http://lynxikczcyposxfz5a7hxbqxilsrtx7zdzwmhk5wcb5qoatbv2suizid.onion/login,lynxikczcyposxfz5a7hxbqxilsrtx7zdzwmhk5wcb5qoatbv2suizid.onion
http://lynxhwtifuwxs2zejofpagvzxf7p2l3nhdi3zlrap3y2wsn5hqyfeuid.onion/login,lynxhwtifuwxs2zejofpagvzxf7p2l3nhdi3zlrap3y2wsn5hqyfeuid.onion
http://lynxjamasdeyeeiusfgfipfivewc3l3u34hyiiguhdyj776mh535l4ad.onion/login,lynxjamasdeyeeiusfgfipfivewc3l3u34hyiiguhdyj776mh535l4ad.onion
http://lynxblogoxllth4b46cfwlop5pfj4s7dyv37yuy7qn2ftan6gd72hsad.onion/,lynxblogoxllth4b46cfwlop5pfj4s7dyv37yuy7qn2ftan6gd72hsad.onion
http://lynxdehvlvrrtnhtpuy6bhrxffzvl5j7y7p3zl553slzq44lcb2jzkyd.onion/login,lynxdehvlvrrtnhtpuy6bhrxffzvl5j7y7p3zl553slzq44lcb2jzkyd.onion
http://lynxk7rmhe7luff3ed7chlziwrju34pzc5hm452xhryeaeulc3wxc3ad.onion/login,lynxk7rmhe7luff3ed7chlziwrju34pzc5hm452xhryeaeulc3wxc3ad.onion
http://lynxchatfw4rgsclp4567i4llkqjr2kltaumwwobxdik3qa2oorrknad.onion/login,lynxchatfw4rgsclp4567i4llkqjr2kltaumwwobxdik3qa2oorrknad.onion
http://lynxchatbykq2vycvyrtjqb3yuj4ze2wvdubzr2u6b632trwvdbsgmyd.onion/login,lynxchatbykq2vycvyrtjqb3yuj4ze2wvdubzr2u6b632trwvdbsgmyd.onion
http://lynxblogtwatfsrwj3oatpejwxk5bngqcd5f7s26iskagfu7ouaomjad.onion/,lynxblogtwatfsrwj3oatpejwxk5bngqcd5f7s26iskagfu7ouaomjad.onion
http://lynxcwuhva6qzlnj3m3qrcl6bgvnxpixg5vsikf53vutdf3ijuv2pxyd.onion/login,lynxcwuhva6qzlnj3m3qrcl6bgvnxpixg5vsikf53vutdf3ijuv2pxyd.onion
http://lynxchatohmppv6au67lloc2vs6chy7nya7dsu2hhs55mcjxp2joglad.onion/login,lynxchatohmppv6au67lloc2vs6chy7nya7dsu2hhs55mcjxp2joglad.onion
http://lynxchatde4spv5x6xlwxf47jdo7wtwwgikdoeroxamphu3e7xx5doqd.onion/login,lynxchatde4spv5x6xlwxf47jdo7wtwwgikdoeroxamphu3e7xx5doqd.onion
http://lynxroggpujfxy7xnlrz3yknphqgk4k5dy4rhaldgz2hpxyyy3ncuvad.onion/login,lynxroggpujfxy7xnlrz3yknphqgk4k5dy4rhaldgz2hpxyyy3ncuvad.onion
http://lynxblogmx3rbiwg3rpj4nds25hjsnrwkpxt5gaznetfikz4gz2csyad.onion/,lynxblogmx3rbiwg3rpj4nds25hjsnrwkpxt5gaznetfikz4gz2csyad.onion
http://lynxblogxutufossaeawlij3j3uikaloll5ko6grzhkwdclrjngrfoid.onion/,lynxblogxutufossaeawlij3j3uikaloll5ko6grzhkwdclrjngrfoid.onion
http://lynxchatly4zludmhmi75jrwhycnoqvkxb4prohxmyzf4euf5gjxroad.onion/login,lynxchatly4zludmhmi75jrwhycnoqvkxb4prohxmyzf4euf5gjxroad.onion
http://lynxch2k5xi35j7hlbmwl7d6u2oz4vp2wqp6qkwol624cod3d6iqiyqd.onion/login,lynxch2k5xi35j7hlbmwl7d6u2oz4vp2wqp6qkwol624cod3d6iqiyqd.onion
http://lynxblogco7r37jt7p5wrmfxzqze7ghxw6rihzkqc455qluacwotciyd.onion/,lynxblogco7r37jt7p5wrmfxzqze7ghxw6rihzkqc455qluacwotciyd.onion
http://lynxblogijy4jfoblgix2klxmkbgee4leoeuge7qt4fpfkj4zbi2sjyd.onion/,lynxblogijy4jfoblgix2klxmkbgee4leoeuge7qt4fpfkj4zbi2sjyd.onion
http://lynxcyys7c2np3b3er2wo6sufwoonmh6i3nykv53pst336c3ml4ycjqd.onion/login,lynxcyys7c2np3b3er2wo6sufwoonmh6i3nykv53pst336c3ml4ycjqd.onion
http://lynxoifh5boac42m6xdoak6ne7q53sz7kgaaze7ush72uuetbnjg2oqd.onion/login,lynxoifh5boac42m6xdoak6ne7q53sz7kgaaze7ush72uuetbnjg2oqd.onion
http://lynx25vsi4cxesh44chevu2qyguqcx4zrjsjd77cjrmbgn75xkv626yd.onion/login,lynx25vsi4cxesh44chevu2qyguqcx4zrjsjd77cjrmbgn75xkv626yd.onion
http://lynxbk3nzrnph5z5tilsn3twfcgltqynaofuxgb5yt43vdu266z3vvyd.onion/login,lynxbk3nzrnph5z5tilsn3twfcgltqynaofuxgb5yt43vdu266z3vvyd.onion
http://lynxchatdykpoelffqlvcbtry6o7gxk3rs2aiagh7ddz5yfttd6quxqd.onion/login,lynxchatdykpoelffqlvcbtry6o7gxk3rs2aiagh7ddz5yfttd6quxqd.onion
http://lynxch2k5xi35j7hlbmwl7d6u2oz4vp2wqp6qkwol624cod3d6iqiyqd.onion/,lynxch2k5xi35j7hlbmwl7d6u2oz4vp2wqp6qkwol624cod3d6iqiyqd.onion
http://lynxblog.net/,lynxblog.net
http://lynxbllrfr5262yvbgtqoyq76s7mpztcqkv6tjjxgpilpma7nyoeohyd.onion/,lynxbllrfr5262yvbgtqoyq76s7mpztcqkv6tjjxgpilpma7nyoeohyd.onion
